target,item,n_cells,raw_n_min,raw_n_median,raw_n_max,effective_n_min,effective_n_median,effective_n_max,n_below_200,n_below_500,n_below_1000
latest_available,A008,107,445,1313.0,4064,270.32374154500474,1200.0,4064.0,0,3,22
latest_available,A165,107,437,1303.0,4018,265.962966225034,1200.0,3856.0,0,3,25
latest_available,E018,107,441,1250.0,4018,267.64507854279447,1193.0,3395.0,0,3,29
latest_available,E025,107,444,1245.0,4018,269.8591939955011,1178.0,3124.9999999999995,0,3,27
latest_available,F063,106,445,1321.0,4050,270.83556992218183,1200.0,4050.0,0,3,26
latest_available,F118,107,433,1271.0,4018,263.4493209275315,1197.4918500484807,3608.0,0,3,28
latest_available,F120,107,438,1293.0,4018,267.68948409717956,1200.0,3854.0,0,3,28
latest_available,G006,107,286,1250.0,3997,166.16710875917164,1199.0,3997.0,1,4,29
latest_available,Y002,107,433,1276.0,4018,263.19152114910065,1194.0,3951.0,0,3,31
pooled_equal_year,A008,107,490,3085.0,9679,400.7367413246501,2651.547929876911,7169.519549755093,0,1,4
pooled_equal_year,A165,107,486,3047.0,9384,397.5223004963309,2623.170292287795,7068.835756811991,0,1,6
pooled_equal_year,E018,107,446,3031.0,9405,367.016426847414,2568.3268001019387,6849.626876607997,0,1,5
pooled_equal_year,E025,107,484,2893.0,9614,401.39227115807074,2486.0465875195173,6997.950182172685,0,1,6
pooled_equal_year,F063,107,478,3073.0,9623,390.3154110719069,2649.418666692512,6984.654346213981,0,1,5
pooled_equal_year,F118,107,477,2885.0,9498,389.9450449096872,2469.272512780181,6898.990365121406,0,1,5
pooled_equal_year,F120,107,479,3031.0,9540,391.0804380201934,2552.574769544098,6917.200280731671,0,1,5
pooled_equal_year,G006,107,343,2994.0,9265,280.7086579409784,2572.66958290163,7086.0045398123775,0,2,6
pooled_equal_year,Y002,107,481,3019.0,9467,394.1211164155189,2569.7457626925748,7197.547686585938,0,1,8
wave7,A008,88,445,1311.0,4426,270.32374154500474,1202.4089969346555,4037.6344585440743,0,2,16
wave7,A165,88,437,1301.0,4345,265.962966225034,1202.2707314454437,3921.190731963743,0,2,18
wave7,E018,88,441,1247.5,4328,267.64507854279447,1200.0,3809.5631106421706,0,2,21
wave7,E025,88,444,1290.0,4379,269.8591939955011,1189.5,3890.1832048605784,0,2,18
wave7,F063,87,445,1313.0,4371,270.83556992218183,1201.0,3912.160008921925,0,2,19
wave7,F118,88,433,1258.0,4271,263.4493209275315,1199.5,3822.264204001109,0,2,21
wave7,F120,88,438,1269.0,4315,267.68948409717956,1200.5,3852.5481316080886,0,2,21
wave7,G006,88,286,1297.5,4100,166.16710875917164,1200.0,3728.397069057581,1,3,21
wave7,Y002,88,433,1275.5,4227,263.19152114910065,1200.0,3844.229687912269,0,2,23
