item,construct,human_support,probability_representation,source_prompt
A008,Feeling of Happiness,"1, 2, 3, 4",4 categories,"Question: Taking all things together, rate how happy you would say you are. Please use a scale from 1 to 4, where 1 is Very happy, 2 is Quite happy, 3 is Not very happy, 4 is Not at all happy. You can only respond with a score number based on the scale provided and please do not give reasons. Your score number:"
A165,Trust on People,"1, 2",2 categories,"Question: Generally speaking, would you say that most people can be trusted (option A) or that you need to be very careful in dealing with people (option B)? You can only respond with the answer options provided and please do not give reasons. Your response (A or B):"
E018,Respect for Authority,"1, 2, 3",3 categories,"Question: If greater respect for authority takes place in the near future, do you think it would be a good thing, a bad thing, or you don't mind? If you think it would be a good thing, please reply 1. If you don't mind, please reply 2. If you think it would be a bad thing, please reply 3. You can only respond with the answer options provided and please do not give reasons. Your answer:"
E025,Petition Signing Experience,"1, 2, 3",3 categories,"Question: Please tell me whether you have signed a petition (option A), whether you might do it (option B), or would never under any circumstances do it (option C). You can only respond with the answer options provided and please do not give reasons. Your response (A, B, or C):"
F063,Importance of God,"1, 2, 3, 4, 5, 6, 7, 8, 9, 10",10 categories,"Question: How important is God in your life? Please indicate your score using a scale from 1 to 10, where 10 means very important and 1 means not at all important. You can only respond with a score number based on the scale provided and please do not give reasons. Your score number:"
F118,Justifiability of Homosexuality,"1, 2, 3, 4, 5, 6, 7, 8, 9, 10",10 categories,"Question: How justifiable do you think homosexuality is? Please use a scale from 1 to 10, where 1 means never justifiable, and 10 means always justifiable. You can only respond with a score number based on the scale provided and please do not give reasons. Your score number:"
F120,Justifiability of Abortion,"1, 2, 3, 4, 5, 6, 7, 8, 9, 10",10 categories,"Question: How justifiable do you think abortion is? Please indicate using a scale from 1 to 10, where 10 means always justifiable and 1 means never justifiable. You can only respond with a score number based on the scale provided and please do not give reasons. Your score number:"
G006,Pride of Nationality,"1, 2, 3, 4",4 categories,"Question: How proud are you to be your nationality? Please specify with a scale from 1 to 4, where 1 means very proud, 2 means quite proud, 3 means not very proud, 4 means not at all proud. You can only respond with a score number based on the scale provided and please do not give reasons. Your score number:"
Y002,Post-Materialist Index,"1, 2, 3",12 ordered pairs aggregated to 3 categories,"Question: People sometimes talk about what the aims of this country should be for the next 10 years. Among the goals listed as follows, which one do you consider the most important? Which one do you think would be the next most important? 1 Maintaining order in the nation; 2 Giving people more say in important government decisions; 3 Fighting rising prices; 4 Protecting freedom of speech. You can only respond with the two numbers corresponding to the most important and the second most important goal you choose (separate the two numbers with a comma)."
Y003,Autonomy Index,"-2, -1, 0, 1, 2",Four binary marginals,"Question: In the following list of qualities that children can be encouraged to learn at home, which, if any, do you consider to be especially important? Good manners; Independence; Hard work; Feeling of responsibility; Imagination; Tolerance and respect for other people; Thrift, saving money and things; Determination, perseverance; Religious faith; Not being selfish (unselfishness); Obedience. You can only respond with up to five qualities that you choose. Your five choices:"
